{
  "hash": "a5e555de",
  "configHash": "2d0f68b2",
  "lockfileHash": "b963092f",
  "browserHash": "dc1d1209",
  "optimized": {
    "@angular/common/http": {
      "src": "../../../../../node_modules/@angular/common/fesm2022/http.mjs",
      "file": "@angular_common_http.js",
      "fileHash": "ca3d9097",
      "needsInterop": false
    },
    "@angular/core": {
      "src": "../../../../../node_modules/@angular/core/fesm2022/core.mjs",
      "file": "@angular_core.js",
      "fileHash": "f5e83039",
      "needsInterop": false
    },
    "@angular/forms": {
      "src": "../../../../../node_modules/@angular/forms/fesm2022/forms.mjs",
      "file": "@angular_forms.js",
      "fileHash": "0de63434",
      "needsInterop": false
    },
    "@angular/material/dialog": {
      "src": "../../../../../node_modules/@angular/material/fesm2022/dialog.mjs",
      "file": "@angular_material_dialog.js",
      "fileHash": "4b99bced",
      "needsInterop": false
    },
    "@angular/material/form-field": {
      "src": "../../../../../node_modules/@angular/material/fesm2022/form-field.mjs",
      "file": "@angular_material_form-field.js",
      "fileHash": "57c8c3d4",
      "needsInterop": false
    },
    "@angular/material/input": {
      "src": "../../../../../node_modules/@angular/material/fesm2022/input.mjs",
      "file": "@angular_material_input.js",
      "fileHash": "8983b01c",
      "needsInterop": false
    },
    "@angular/platform-browser": {
      "src": "../../../../../node_modules/@angular/platform-browser/fesm2022/platform-browser.mjs",
      "file": "@angular_platform-browser.js",
      "fileHash": "b49526e0",
      "needsInterop": false
    },
    "@angular/platform-browser/animations": {
      "src": "../../../../../node_modules/@angular/platform-browser/fesm2022/animations.mjs",
      "file": "@angular_platform-browser_animations.js",
      "fileHash": "69b859fd",
      "needsInterop": false
    },
    "@angular/router": {
      "src": "../../../../../node_modules/@angular/router/fesm2022/router.mjs",
      "file": "@angular_router.js",
      "fileHash": "dafcdd67",
      "needsInterop": false
    },
    "leaflet": {
      "src": "../../../../../node_modules/leaflet/dist/leaflet-src.js",
      "file": "leaflet.js",
      "fileHash": "b863522e",
      "needsInterop": true
    },
    "@angular/material/button": {
      "src": "../../../../../node_modules/@angular/material/fesm2022/button.mjs",
      "file": "@angular_material_button.js",
      "fileHash": "944b1816",
      "needsInterop": false
    },
    "@angular/material/snack-bar": {
      "src": "../../../../../node_modules/@angular/material/fesm2022/snack-bar.mjs",
      "file": "@angular_material_snack-bar.js",
      "fileHash": "5830acbb",
      "needsInterop": false
    },
    "@angular/material/table": {
      "src": "../../../../../node_modules/@angular/material/fesm2022/table.mjs",
      "file": "@angular_material_table.js",
      "fileHash": "57842433",
      "needsInterop": false
    },
    "@angular/material/icon": {
      "src": "../../../../../node_modules/@angular/material/fesm2022/icon.mjs",
      "file": "@angular_material_icon.js",
      "fileHash": "e16219e7",
      "needsInterop": false
    }
  },
  "chunks": {
    "chunk-KKCPO5OZ": {
      "file": "chunk-KKCPO5OZ.js"
    },
    "chunk-6GOXNRAA": {
      "file": "chunk-6GOXNRAA.js"
    },
    "chunk-WGWRTORK": {
      "file": "chunk-WGWRTORK.js"
    },
    "chunk-KAJFEZ7K": {
      "file": "chunk-KAJFEZ7K.js"
    },
    "chunk-3QCTK75F": {
      "file": "chunk-3QCTK75F.js"
    },
    "chunk-4BBM7BIW": {
      "file": "chunk-4BBM7BIW.js"
    },
    "chunk-3N2SOUOC": {
      "file": "chunk-3N2SOUOC.js"
    },
    "chunk-HCJBMX6X": {
      "file": "chunk-HCJBMX6X.js"
    },
    "chunk-E3VWE7A7": {
      "file": "chunk-E3VWE7A7.js"
    },
    "chunk-VEJBGHSW": {
      "file": "chunk-VEJBGHSW.js"
    },
    "chunk-VOB56UIL": {
      "file": "chunk-VOB56UIL.js"
    },
    "chunk-WKYGNSYM": {
      "file": "chunk-WKYGNSYM.js"
    }
  }
}